0, 1, 1.4395856490298908, -0.36319413720271376
1, 1, 0.44550036707736596, -0.19093765956309056
2, 1, 0.08420609696132225, 0.5734899262932155
3, 0, 0.5559116806585617, 0.7887616307942124
4, 1, 1.2677952322238677, -0.4560814956377139
5, 0, -0.08968124775663223, 1.022442537165413
6, 1, 0.6890768622574635, -0.4572918365952157
7, 1, 0.21404083024788859, 0.5610731908072699
8, 1, 1.6594187243939846, -0.4799332079581865
9, 1, 0.7938767119325848, -0.2945652674436823
10, 0, -1.1067871799445688, 0.4451399462823666
11, 1, 1.2328751372002666, -0.3902226171792583
12, 1, -0.06892701108998729, 0.07229736108301774
13, 0, 1.3111644952196375, 0.10510830265993834
14, 0, -0.18441429432250567, 0.743512653131142
15, 0, 0.326116269994646, 0.752673265899982
16, 1, -0.13124130603692347, -0.13153792291337085
17, 1, 1.9012038192670262, 0.08328732988534936
18, 1, 2.0072494824658387, 0.09142539831343852
19, 1, 2.0902595459871676, 0.16304615890747112
20, 0, 0.7559593392635827, 0.39493088962013134
21, 1, 0.5695450413938973, -0.24320335018941586
22, 0, 0.9511514310136165, 0.11329945682862971
23, 1, -0.069479061457815, 0.3779533040400178
24, 1, 1.2650200513707865, -0.5316203227510851
25, 0, 0.04020401612828353, 0.8160151559380905
26, 0, 0.20728044690175879, 0.7431893192652831
27, 1, 0.6278822647951985, -0.29011574578152033
28, 0, -0.956867738875524, 0.13419122993190621
29, 0, -0.6912597338565938, 0.8542750627155679
30, 1, 0.5423954748397437, -0.5093494956115238
31, 1, 0.8984779834528511, -0.4876274200610089
32, 1, 1.6361923165896115, -0.5151595962648492
33, 0, 0.7798236906980752, 0.34902257868507447
34, 1, 1.554758742645675, -0.2946516012443313
35, 1, 0.21712301920704405, -0.4267363574761935
36, 1, 2.0602726362632398, 0.6025749128155651
37, 1, 1.4526724106166635, -0.1932474059353613
38, 1, 0.8788897559462044, -0.6229704747954984
39, 0, 1.0478476575787392, 0.03428595768372028
40, 0, 0.12850665000422604, 1.0806659878256375
41, 0, 0.299765693072508, 1.1814933827918186
42, 0, -0.5892968136588008, 0.6205842902190372
43, 0, 0.41714294927736634, 0.7864807845175368
44, 0, -0.13651146851157767, 1.0827482675911153
45, 1, 0.029893267093359183, 0.05714727015899013
46, 0, -0.4568854576430572, 1.0245408290324032
47, 0, 0.7890440259655295, 0.7283241122783856
48, 0, 0.6591412511156771, 0.536996050098244
49, 0, 1.0324381982162376, 0.2014075882392254
50, 0, -1.0428640358121049, -0.24136475207347013
51, 1, 1.6069930810185464, 0.019459146899207413
52, 1, 2.0362614714474048, 0.636604193203332
53, 0, -0.7541071474558672, 0.9539950617875315
54, 0, -1.0237189064032837, 0.6135307888666247
55, 1, 0.08495317570822189, 0.5833115633238918
56, 0, 0.41785280994470475, 0.8645714295714753
57, 0, 1.0673525314746266, 0.041720942327053694
58, 1, 1.7458578763804773, -0.1594036205061394
59, 0, 0.5890081739246193, 0.9250015395323927
60, 1, 0.5283693844443499, -0.2799491082892601
61, 1, 0.03584631585103494, 0.21164091427899562
62, 0, 0.6779749089116397, 0.9067010890890677
63, 0, -0.7301364996907023, 0.09831852928321388
64, 1, 0.989925253078342, -0.187237517070245
65, 1, 1.217085836293392, -0.528106319898855
66, 1, 0.021247544853955455, 0.19670255420989688
67, 1, 2.1327157410535817, -0.05293184864076084
68, 0, 1.1350934804416855, 0.21841915965318165
69, 1, 1.7655744595307312, 0.4669091926450568
70, 0, 0.08778614196967552, 0.8927186612450899
71, 1, 0.9113805979624015, -0.1145668008038061
72, 1, 0.35243375629180757, -0.07167239436311917
73, 0, -1.121176369430682, 0.4306638368352086
74, 1, 0.7254161944207231, -0.5326847028472758
75, 0, 1.0120356738092635, 0.380580274630435
76, 0, -0.027097799704551548, 1.0659212324327116
77, 1, 0.9636904151237046, -0.5672020435431996
78, 1, 0.8156749853322613, -0.5071625652991396
79, 1, 1.5904278172382516, -0.31821204843540385
80, 1, 2.0047840487968887, 0.39698349923751886
81, 0, -0.01633625607197356, 0.7654615562641361
82, 0, -0.9530006130129028, 0.1255850987200516
83, 1, 1.8138679159659796, -0.24799450783675508
84, 0, 0.8335676794037212, 0.8877206948082216
85, 0, 0.09129834039945486, 1.2708702644224021
86, 1, 1.2649807921276826, -0.40404991088559916
87, 0, 0.79185237572711, 0.9465194573066025
88, 1, -0.1489820728182971, 0.4793316099696857
89, 1, 1.4647612518684077, -0.9793223716319674
90, 0, -0.7633399242410875, 0.6056825804787067
91, 0, -0.7836615859959872, 1.1869251136285544
92, 0, -0.7785392866766626, 0.778572707652184
93, 1, 1.2286617274783247, -0.5254723586176292
94, 1, 2.018196844344899, 0.1793878714076326
95, 0, 1.0996615468489435, 0.7025224865909543
96, 0, 1.1826242284253152, 0.19205650783441794
97, 1, 1.836128378412548, -0.11066137519800502
98, 1, 1.6197494283127265, -0.36928350122228365
99, 0, -0.7093018591172124, 0.9942651570601713
100, 0, 1.1645941643960216, 0.052489096717455594
101, 0, -1.1121259880051753, 0.2622183074441271
102, 0, 0.7080171149556578, 0.7596957281772853
103, 0, 0.6822350412171729, 0.6996228437958614
104, 1, 1.3247016543950452, -0.40259169923774035
105, 0, 0.37262517036975185, 1.126867522824217
106, 0, 0.6505875848283403, 0.5815757175361975
107, 1, 0.671687335332367, -0.34284692837472863
108, 0, -0.33824699047121537, 1.2398854191434023
109, 1, 1.435588038608914, -0.5662997884264432
110, 1, 1.6562080832254933, -0.36317717167291236
111, 0, 1.039675107346674, 0.5005681568283068
112, 1, 1.6528371345154036, -0.397724420231068
113, 0, 0.2549267585371683, 0.976351379952904
114, 1, 1.533969782397108, -0.47407310446890255
115, 0, 0.9812352070994083, 0.1399414019671269
116, 0, -0.5258234467165798, 0.5383660083256103
117, 0, -1.1283244510116894, 0.09927330400648417
118, 0, -0.5698497934215162, 0.7541165961209424
119, 1, 1.6789237083053858, -0.20238291409000822
120, 0, -0.26408062251899245, 1.0284374166304895
121, 0, 0.3271292198735307, 0.7794570712288302
122, 0, -0.7909538345321501, 0.2269404235124043
123, 1, 1.951170942551843, 0.04821400445582011
124, 0, 0.9403469816915917, 0.37621191565742995
125, 0, -0.34891543421764737, 0.5963210944938967
126, 1, 0.16109687948567739, -0.14728025048511967
127, 1, 0.40736230741198215, -0.28484679722374373
128, 1, 1.4585731011085825, -0.718041525478911
129, 0, 0.8160819435906308, 0.7263260084125097
130, 0, -0.9291814880831372, 0.20106082761200839
131, 0, -0.15792830348540823, 0.8893773915929105
132, 1, 1.3515006459057923, -0.38879777305981345
133, 1, 0.9816944364327894, -0.6001984185848945
134, 1, -0.09495895833650136, -0.31099809174386767
135, 1, 1.792409826698008, 0.41705475720385105
136, 0, -1.0251593363394664, 0.7962687345054453
137, 1, 0.09491445088631037, 0.455304196042066
138, 0, 0.9227746010372986, 0.5460483268197265
139, 1, 0.9498464431901597, -0.33927595834689683
140, 0, 0.8592264212180512, -0.021889082535776788
141, 0, 0.6586354304797114, 0.7341804518800721
142, 0, -0.3928449767062164, 0.9015206366279804
143, 1, 1.660343241511264, 0.007612418508858451
144, 1, -0.2526909020047007, 0.39339030268090514
145, 1, 0.6084739842373582, -0.36497054352409203
146, 0, 0.828492897881943, 0.5495120902891144
147, 1, 0.44633380998040606, -0.22369040532533727
148, 0, -0.8997668999064563, 0.36788647006393466
149, 1, 1.4031709531889156, -0.2648304547094999
150, 0, 0.7030731165996157, 0.5721345253660959
151, 1, 2.2387229846745726, 0.47812410526842364
152, 0, -0.9507060196507515, 0.43553139797777535
153, 0, -1.0664539879366866, 0.7169864141386486
154, 1, 0.27028525656719943, -0.26411930473607337
155, 1, 2.21292183846047, -0.04745692695825404
156, 0, -0.8268028631804554, 0.3956953438710343
157, 1, 0.08507523662681171, 0.14398325430712694
158, 0, -0.9573155323980971, 0.08265005052593331
159, 0, -0.8864311563374613, 0.2554650726462921
160, 0, 0.30969671635051993, 0.9516201708510023
161, 0, 0.3017874591855615, 1.0048286332040464
162, 0, -0.4186588030247951, 0.7057520045486372
163, 0, 0.8936864983905238, 0.133948041568611
164, 0, -0.6475486491107783, 0.3060679208023278
165, 0, -1.0695786243964631, -0.045714370760920706
166, 1, -0.0610475797012805, 0.15594195197448174
167, 0, 0.7322954016808808, 0.6599296775218069
168, 1, 0.43306263534883654, -0.49322144367445264
169, 0, 0.967357233277998, 0.4637558203180709
170, 1, 0.34963977148193975, 0.010451460169685234
171, 1, 0.2820918491288072, 0.28553807054059277
172, 0, -0.44688156492463765, 0.7955089072269642
173, 1, 0.5420797054847067, -0.464605655193556
174, 0, 0.09760800548986759, 1.06091745683735
175, 1, 1.9938319204963324, 0.22762189016791015
176, 1, 0.0035523637070504917, 0.21908998560720233
177, 0, -0.20341414184256623, 1.3757296447683012
178, 0, 0.867893597118104, 0.3454539586354073
179, 1, 1.7364824676532422, 0.3398086833081333
180, 0, -0.7963578341927302, 0.5222072937564783
181, 1, 1.9812115285106755, 0.18736015234095793
182, 1, 1.6166560517220467, 0.2951253241570715
183, 0, -0.23880409906266897, 0.9259774151510258
184, 0, -0.5674529672803239, 1.3315427496713863
185, 0, 0.2907633469212896, 0.825610308970825
186, 0, -0.8375007549250469, 0.7647188697540322
187, 1, 1.4161827964346616, -0.4265407792609614
188, 1, 0.30302146415824927, -0.18726116009622618
189, 0, -0.7957883143062872, 0.762737947179171
190, 1, 0.22320227428193734, -0.022657120950308876
191, 1, 0.7637724626195019, -0.34965014958948887
192, 1, 0.3342543933021811, -0.31020404727797957
193, 1, 1.5957568109086953, -0.37629597735358766
194, 1, 1.9823934813952153, -0.012555856264654351
195, 1, 1.9603717679276553, -0.020963399722567458
196, 1, 0.36674157321425377, -0.24666235253851207
197, 0, 0.28580447845886514, 0.9456782639841054
198, 0, 0.21499870851524563, 0.8683831416636087
199, 0, -0.23078183000663371, 0.8269834914564461
200, 1, -0.1384957838749522, 0.3384971156056727
201, 1, 1.6304797747761055, -0.09327954812862171
202, 0, 0.41538497239721595, 0.8851116065307391
203, 0, -0.21837018428081087, 1.0403107648696446
204, 1, -0.1302936423571327, -0.21486932716209592
205, 0, 0.33876641596559326, 0.8029473049991003
206, 0, 0.8502025691931747, 0.7675859811809775
207, 1, 1.2679123074879481, -0.49590595851213437
208, 0, -0.6522686572453983, 0.3656150583073984
209, 0, 0.7115205750883041, 0.3631504049864354
210, 1, 1.8960967721124897, -0.040315469558393324
211, 0, -1.0453443959226723, 0.5082499671236518
212, 0, 0.1636348058643453, 1.0859184826809885
213, 0, -1.0666468895125967, -0.0822322741092644
214, 1, 0.6427051085366902, -0.2481987036569656
215, 0, -0.4315360285061553, 0.7322057411626343
216, 0, 0.1507733496253174, 1.057532832860329
217, 1, 1.4710028585922539, -0.37082411564246387
218, 0, 0.7190875446201953, 0.8746410434245238
219, 1, 0.056413560184471245, -0.28456482649019715
220, 0, -0.5340646248448012, 0.8974430739942709
221, 0, -0.5216359571378011, 0.6701216385641552
222, 1, 1.3611048102951142, -0.566035367112987
223, 1, 1.867780737531287, 0.44435398206449833
224, 0, -0.36082874671891285, 0.8339913126727445
225, 0, -1.025416061260886, 0.2960891094885178
226, 1, -0.10058914571797738, 0.29243912775543396
227, 1, 0.6042803269839628, -0.30179246117270986
228, 1, 1.365674063189138, -0.38861040950984505
229, 0, 0.6277713854348217, 0.9901290230961952
230, 0, 0.5490999227769896, 0.3808737992361126
231, 1, 0.05188842283007182, 0.20673162964345423
232, 0, -1.0862002140216414, 0.37117194484672733
233, 1, 0.09056040093305774, 0.16261286901887936
234, 1, 1.721029943027179, -0.3521757325807998
235, 1, -0.456783870840523, 0.20139120090815193
236, 1, 1.1512351250972366, -0.6320503985623065
237, 1, 1.5236720807116335, -0.1509177534431704
238, 0, 0.679260376886111, 0.538471980804187
239, 1, 0.7818378872229401, -0.4103397560304659
240, 1, 2.059789040675394, 0.7022478435351787
241, 1, 0.33650598409665655, -0.08688310905681082
242, 0, 0.2976730910130928, 0.5478914324752894
243, 1, 0.5983724507255457, -0.5438003179790437
244, 0, -0.6739775456785436, 0.8014476147931192
245, 0, 0.9387260345676341, 0.2770819237659188
246, 0, -1.094096891066747, 0.3495362150164588
247, 0, 0.7200697034630497, 0.5764105338376873
248, 1, 1.8368844012457415, -0.33272443217188574
249, 1, -0.05041578864604228, 0.32424913756456836
250, 1, 0.892830171135115, -0.31228707508517706
251, 1, 0.1553803242919347, -0.06488187155107253
252, 0, 1.1328109703672593, 0.04896672867456278
253, 1, 0.3172061346146141, -0.25106601359241754
254, 1, 1.7465661077596015, -0.21817332932288724
255, 0, 1.0283085770188034, 0.3194259611299779
256, 1, 1.0301354616342697, -0.363112815046805
257, 0, 0.7267112011066625, 0.620722684222531
258, 1, 1.687703507103437, 0.22934743543334946
259, 1, 2.0084575780058347, 0.04937995671347467
260, 1, 1.5490579087231968, -0.5522630138445725
261, 1, 2.148906203449026, 0.15258252063735053
262, 0, -0.507383301117889, 1.0293075165873757
263, 1, 1.3241015419043993, -0.576299852388453
264, 1, 1.0638836457415999, -0.0710029917270587
265, 0, -0.4463496091092102, 0.9540123880828936
266, 1, 0.6226905664104083, -0.17557310277868382
267, 1, 0.6391272697969486, -0.3354964443887396
268, 0, 0.4376679805310669, 0.8975451562388116
269, 0, 0.35188475339345304, 0.8944813522116086
270, 1, 0.8210264694790752, -0.7878229356872763
271, 1, 0.14620399930710165, 0.09437236710882166
272, 1, 0.30168309513349134, 0.5124956825702771
273, 0, -0.14827510304891425, 0.864646374559821
274, 1, 0.33541284588446674, -0.31017416620136395
275, 0, 0.152559230970415, 0.9228950066395513
276, 0, 1.0425423790874786, 0.7314049089412624
277, 1, 0.9911676365843713, -0.5351649768703428
278, 1, 2.031007898176463, 0.5626712745325051
279, 1, 0.8127944383496675, -0.5207708665466038
280, 0, 1.0461211751265918, 0.0795646277468668
281, 1, 1.87343056980195, -0.068900172304768
282, 0, -0.9716953574364684, 0.4224151711824716
283, 1, 2.0842638076252173, 0.34571751983148546
284, 0, 0.7923006117955924, 0.12793665949963673
285, 0, -0.8906684285467872, -0.044472987749967635
286, 1, 0.7788831825036407, -0.6971134859878763
287, 0, -0.02746791525594694, 0.6803184308970326
288, 1, 0.10535258175043312, -0.13412563042158915
289, 1, 0.1541650821862185, 0.056986065216966225
290, 1, 1.0250176023346866, -0.6073051145871654
291, 1, 0.4713989796773139, -0.13988185969264055
292, 0, -0.6190738533134221, 0.6168755942821299
293, 0, 0.9042295847439176, 0.8181120022240167
294, 1, 0.8594574959052347, -0.5720821286067962
295, 0, 0.5039307138367884, 0.7450431720133726
296, 0, -0.8604258383701711, 0.3293415316732537
297, 1, 1.8965855758068482, 0.047719466475201394
298, 1, 2.2727177261521105, 0.21076865576264434
299, 0, -0.9967358736425499, 0.6963866417820577
300, 0, -0.7611644090321972, 0.691967178483695
301, 0, -0.6171696556201729, 0.9502854145272561
302, 1, 1.5360173208010943, -0.5292722847783515
303, 1, 1.22473377206817, -0.5897629850173136
304, 1, 0.12058714131112598, 0.2152807604529836
305, 0, -0.05499808597279554, 0.7015460006316877
306, 0, -1.0174367970846074, 0.39625807248938777
307, 0, 0.8672863353604021, 0.47564858982655633
308, 1, 1.674055288001933, -0.12970410116278291
309, 0, 0.11228391643520311, 1.0433096392337076
310, 0, -0.08807407615140013, 1.247885401735815
311, 0, -0.8152882443882654, 0.3913691983153926
312, 1, 0.08493389202461252, 0.3730865905513719
313, 1, 1.7019158054842285, -0.07835577447832442
314, 0, -0.6943505625901539, 0.7776295256509704
315, 0, 1.0598932713982907, 0.6064527857731589
316, 0, -0.8400774450901698, -0.1041212838348578
317, 1, 2.2496322588140782, 0.33810059994167146
318, 1, 0.7511868055839077, -0.4113333785046893
319, 1, 0.17460276682549802, -0.31417452762963527
320, 1, 0.10877321560265399, -0.31446395274285144
321, 1, 2.0984476836395647, 0.22456951346013457
322, 1, 0.8419441080537741, -0.30503610920221325
323, 1, 1.8945112338776218, 0.41497225423685435
324, 0, -0.688620008312269, 0.4781844322657724
325, 1, 0.3742789093991278, -0.365352571018217
326, 0, -0.710437379861097, 0.4542772806444838
327, 0, -0.8309348479620373, 0.4228108715502085
328, 1, 1.9943888431985135, 0.38775024409280784
329, 0, 0.3990263617474065, 1.2345592026141894
330, 0, -0.5523129472268418, 0.6960083515665587
331, 1, 0.3117818433610832, -0.21958790005484108
332, 0, 1.011381884118723, 0.6304978066764517
333, 0, 0.7649047335148621, 0.13285918709001165
334, 1, 0.291938978838429, -0.32679160673517826
335, 0, -1.1712387339344927, 0.07990382659131609
336, 0, 0.2651089424052879, 0.6991628767111322
337, 0, 0.7461401952343474, 0.5382993485808453
338, 0, -0.1933752887038119, 0.8617799058946746
339, 1, 1.2168558992485683, -0.6642702368790299
340, 0, -1.017326238785556, 0.33733739594459217
341, 1, 2.132916059066774, 0.19492144798375138
342, 0, 0.5609946449524026, 0.8255216657113501
343, 0, 0.7971470455202707, 0.9179108668925526
344, 1, 1.7197504978620373, 0.05822774251545457
345, 0, -0.2717404882864417, 0.9213290978626594
346, 1, -0.10210387873359447, 0.3698052798440153
347, 0, 0.42543565774896347, 0.7089187469547016
348, 1, 2.008064379438831, 0.10329236426089912
349, 1, 1.724411929236807, -0.047336700095581635
350, 1, 0.06612517178921361, 0.3763431640809546
351, 1, 1.9603758694757143, -0.04891720789181475
352, 0, 0.4816057018739956, 0.9134636748437803
353, 0, -0.8543212728242807, 0.6541637120742314
354, 1, 1.662548797987988, -0.4061670573367211
355, 1, 1.670106981087955, -0.3856990850275561
356, 1, 1.336218532657811, -0.22668486323954706
357, 0, -0.9186920925939542, 0.40514158029148994
358, 1, 1.9879860467843533, -0.17110594941864843
359, 1, 0.910474860147504, -0.5110824299083114
360, 0, -0.9883378009981233, 0.3872878542674352
361, 1, 0.515900296986548, -0.39187791144342127
362, 1, 1.4201071906828557, -0.5431388418583004
363, 1, 0.9386429844782521, -0.7903399692962436
364, 1, 0.7718045552938997, -0.2391325470598064
365, 0, -0.7658699598298193, 0.674463655129059
366, 1, 0.036006860725295964, 0.2436620804406899
367, 0, -0.13089582677304706, 1.2208549337330168
368, 1, -0.2786362653183296, 0.25275606890632707
369, 1, 0.12954162122534688, 0.16055825084674408
370, 0, 0.3385007536220952, 1.1288181005094402
371, 1, 0.6560732576836368, -0.5945259005932285
372, 0, -0.8663163077914443, -0.02006481057686582
373, 0, 0.14983860429862045, 1.0632014134605734
374, 1, 2.0277253187644217, 0.44085886926939377
375, 0, 1.0970652846457243, 0.4912146687440459
376, 1, 0.6130145264073372, -0.14282316762912373
377, 0, -0.8318813947185411, 0.45062382382298566
378, 1, 0.9917614037782838, -0.3457023418106709
379, 0, 0.004608214391209703, 0.9141683074295548
380, 0, 0.844767225810415, 0.2314712881766346
381, 1, 1.896116516792979, 0.0678083894174116
382, 1, 1.6206498517477037, -0.19512372726701405
383, 1, 0.7890775449615295, -0.2861923572090119
384, 1, 0.27825804054290615, -0.22583921539135432
385, 0, 0.23313049420115528, 0.6890228214837737
386, 0, -0.706248436425014, 0.3137725662456732
387, 0, -0.8322622307106664, 0.5251266169978406
388, 1, -0.03675230131902882, 0.26548410001396705
389, 1, 1.1269344335643312, -0.32158110784864014
390, 1, 1.9817755477739183, -0.10043754821136189
391, 0, 0.9625171701869294, 0.6606775601878632
392, 1, 1.9292905403839593, 0.5058228901001256
393, 0, 0.8892868952621099, 0.2997268063817482
394, 1, 1.2924226847833786, -0.5967704530144087
395, 1, 0.2988733321359911, -0.15409276855371895
396, 0, 0.6491864739919412, 0.7548432133222645
397, 0, -1.0661027613918523, -0.09709506143003083
398, 0, -0.6718099231432777, 0.8057977445405602
399, 0, -0.7017747178515479, 0.7215521425003311
400, 0, -0.3760285942045084, 0.7988461364144017
401, 0, -0.6135887512429258, 0.6991442364999625
402, 0, -0.45903495282683243, 1.1033413670921766
403, 1, -0.09711369036154563, -0.06625188520971767
404, 1, 0.02519632260945954, 0.40420105987792315
405, 0, 0.5581495061136919, 0.5640073641363355
406, 1, 1.9899894849223299, -0.15381040891894676
407, 1, 1.904164603692048, 0.062343904138739414
408, 1, 0.2066227884796431, -0.36756222664121896
409, 0, -0.35988528081155413, 1.1023227647028018
410, 1, -0.306033563867799, 0.717398471066522
411, 0, -0.3277311330541647, 0.8631559936735345
412, 0, 0.30576255751183834, 1.028283230200505
413, 1, 0.6775626629963658, -0.4559839014681939
414, 1, 0.24739040225391762, 0.48040963909526524
415, 1, 0.7056875929460008, -0.20622210856818987
416, 0, -0.6097167884528722, 0.5093846926520131
417, 1, 0.5187270690196873, -0.4510464570225102
418, 1, 1.1165979262402488, -0.4880956495707964
419, 0, 1.1772245009039157, -0.08137390169148766
420, 0, 1.041812836442258, 0.14722248171800248
421, 0, 0.06571164690270719, 0.9344698256463271
422, 0, -0.5808718131656555, 0.8658671412106362
423, 1, 1.9675046935365443, 0.3553506990374879
424, 1, 0.42900200261424803, -0.0010450345936145466
425, 0, 0.9985142871349019, -0.11688898408589866
426, 1, 0.1023977035257298, 0.32991104234819696
427, 0, 1.060365411157612, 0.611652915714854
428, 0, 0.3792616967048722, 1.0784098718229504
429, 0, 0.3895803088626578, 0.8729837490613612
430, 0, -0.5536449584493568, 0.5944595039751182
431, 1, 1.9325874870392605, 0.24193689042769356
432, 0, 0.6516960468847965, 0.6301740634598084
433, 1, 0.1118727397499012, -0.2000352128289889
434, 1, 0.7473980249653858, -0.3045277819612927
435, 0, -0.320740419964295, 1.0988449560480331
436, 0, -0.8050668820310013, 0.66336660239926
437, 1, 1.8554304774105566, 0.22929953188723898
438, 0, -0.9183816518148318, -0.2950375170965759
439, 1, 0.08887411894647712, 0.47470921562869645
440, 0, 0.5339379474047752, 0.8672187105239214
441, 1, 1.076376365717076, -0.3530320905542558
442, 0, -0.6617779309053717, 1.0273857192871199
443, 0, 0.5611750919792964, 0.8006846909484518
444, 1, 1.9510517412423778, 0.15104038075297702
445, 1, 0.4688408186873214, -0.7400295214618802
446, 0, -0.6309859136349358, 0.9552688823770783
447, 0, -0.4454146057988255, 0.6444468583059714
448, 1, 1.0423351055390733, -0.4749591546366208
449, 0, 0.8812790390555889, 0.7616910261828556
450, 1, 1.0870649359663336, -0.4661452692127496
451, 0, -0.975667095657551, 0.4945328463154197
452, 1, 0.2417248923218318, 0.14070779062837985
453, 1, 1.5509432772165117, -0.6834741802542
454, 1, 0.8923713554844772, -0.5091847521569461
455, 1, 0.24276555847872788, -0.43963286736322404
456, 0, 0.43938529988628927, 0.9698709053802274
457, 1, 1.7836337323558589, -0.3551396809068761
458, 0, 1.315865923853172, 0.6993047930972125
459, 0, -1.0866792495647206, 0.30628541857949054
460, 1, 0.47912752548738, -0.18038539846293122
461, 1, -0.17526871706864827, -0.2690111291620229
462, 0, -1.0623995722603816, 0.17744504632418687
463, 0, 0.741473091275005, 0.8496118098538763
464, 1, 1.4167144139204528, -0.44741023146582265
465, 0, -0.28770029467291974, 0.9391487207124201
466, 1, 0.21735759056897852, -0.48060245239230515
467, 1, 0.8664468615811678, -0.37536793086080467
468, 1, 0.3715164322811559, -0.1443619076541427
469, 1, 0.035661258321274786, 0.09268252699941609
470, 1, 1.84193079778218, 0.6869847639862505
471, 1, 0.713027288444181, -0.6200157699643591
472, 1, 0.93514825277163, -0.7603102074313923
473, 1, 1.8311735439321881, 0.009913001388462774
474, 1, 0.3594489050253974, -0.21956575926619834
475, 1, 1.0032060191645042, -0.3655607522497748
476, 0, 0.9297619105842352, 0.32957217081007284
477, 1, 0.9280408571002794, -0.6585588997325555
478, 1, 1.2063187626573484, -0.39782392440551734
479, 1, 1.9409751761643879, 0.32778679071264655
480, 1, 2.394134337755616, 0.3847836305626239
481, 0, 0.8336497432176168, 0.5497839376448574
482, 1, 1.7113094529223407, 0.14810091839363337
483, 1, 0.6107823628684661, -0.3527264516903135
484, 1, 1.2150313424356347, -0.2517622004183102
485, 0, 0.8690171274169574, 0.12318133273505122
486, 1, 2.4653579477208774, -0.04467352071764508
487, 1, 1.3377595609507735, -0.4458112743214072
488, 0, -0.9767229836186907, 0.6926402157797591
489, 0, -0.7177646170240402, 0.9382395566258344
490, 1, 0.32910432665569883, -0.4247429522460169
491, 0, 0.8269340326338647, 0.4109175441101809
492, 0, 0.9652138154901932, 0.4972124160401973
493, 1, 0.17423111221737694, 0.7053644687322695
494, 0, 0.7468028588115977, -0.013226381637262974
495, 1, 0.09849120851538895, -0.3085024821409386
496, 0, -0.5774111002835599, 0.9222409541217931
497, 1, 0.03525918955158414, 0.34215721126680587
498, 1, 1.2197118509885843, -0.13322519123968124
499, 0, -0.8418586851091054, 0.376353590466534
500, 0, 1.0818054987803845, 0.068098809745688
501, 1, 1.1616793058107246, -0.7690150035056981
502, 0, 0.6823215186744489, 0.355503050329504
503, 1, 0.5545151025551328, -0.1789641116374816
504, 1, 0.16248153804761087, -0.16939871950621407
505, 0, -0.5081070957618219, 0.5867513808081251
506, 1, 0.16866843365316558, -0.06595721778951606
507, 1, -0.0712920732991905, 0.3593107031671576
508, 1, 0.7724798826595227, -0.6104572246236243
509, 0, 0.5513992061901444, 0.7703208722421179
510, 0, 0.8355114751233366, 0.5560909399298106
511, 0, 0.9771567513091837, 0.3527897030253361
512, 0, -0.7626932413821739, 1.1051589776917385
513, 1, 1.2939791296778176, -0.5384294699884459
514, 1, 0.7895225109220702, -0.4632773821938442
515, 0, 1.037295264419522, 0.33964458526127145
516, 0, -1.1855140540229447, 0.18787136784367686
517, 0, -0.650272190331706, 0.6209998794932494
518, 0, -0.35886078085715084, 0.6102626591264131
519, 1, 1.6130583795465552, -0.3769101472691075
520, 1, 1.6672043253820867, -0.3998841814590773
521, 0, 0.23981004147063523, 0.9962664197662094
522, 1, 1.9196813515658249, -0.3464671315885581
523, 1, 1.4987689209821675, -0.2751911812626653
524, 1, 0.26431892072658736, -0.09671142039334285
525, 0, 0.5757095445618221, 0.9831489324679398
526, 1, 1.8008747483380845, -0.46671516450185657
527, 0, -0.6923870810994333, 0.42969220182809853
528, 0, 0.25830567844136887, 0.9323269330311167
529, 1, 1.8260003252158217, -0.25209086965731314
530, 1, 1.5367785916050314, -0.24876688708321376
531, 0, 1.194478535043773, 0.16505308697408738
532, 0, -1.0384114921112226, -0.28147023689418016
533, 1, 0.1646511854261522, -0.2822003856247839
534, 0, 0.29891287328113136, 0.691745659220931
535, 1, 1.2555510531827196, -0.2895764106229718
536, 1, 1.9336344314529834, -0.0639363001041457
537, 1, 0.1747570773453277, 0.042615318135395805
538, 1, 1.491580889122906, -0.3933175984573022
539, 1, 1.0169643085113504, -0.531084943326476
540, 1, 1.9331912391016282, 0.3118636374360172
541, 0, 0.026349817131033126, 1.1150135648731494
542, 1, 0.19509347045435882, 0.47377231039767703
543, 1, 1.9172694396637036, -0.0704570350459656
544, 1, 1.1055685393444608, -0.4958296830469604
545, 1, 1.9204111802973178, 0.12143117513528817
546, 1, 1.892501905442509, -0.08873340400999533
547, 0, 0.8803651728654247, 0.4348474274094568
548, 0, -0.7248905085098711, 0.23611074264240733
549, 0, -0.9804109431072908, 0.19956237920733672
550, 1, 2.052265568821255, 0.4700623321106423
551, 0, 0.9347974194077533, 0.3274291639894594
552, 0, 0.8125670194195417, 0.7313502699283315
553, 0, -0.5853679900144957, 0.8574733880171799
554, 1, 0.7702270165050608, -0.5485957414887743
555, 0, 0.3455166318329461, 0.8508359352141635
556, 1, 2.1244169254864613, 0.36123490778441725
557, 1, 1.266845424089666, -0.42475511944160194
558, 1, 2.096600746937068, 0.255139339294636
559, 1, 1.8376898239396269, -0.04934751977875282
560, 1, 0.4714082001489392, -0.04974616888415062
561, 1, 1.0967153513203145, -0.28460219541818543
562, 0, 0.5327037900686196, 0.8597332791512086
563, 1, 0.002207291699677816, -0.08860174455680918
564, 0, -0.7569963438436111, 0.4411593370828411
565, 0, 0.8979496492407772, 0.8229513393035124
566, 1, 0.023215384219814117, 0.3936083975164564
567, 0, -0.5145454653118842, 0.8552281171523617
568, 0, -0.6529942335043273, 0.5501652212716022
569, 1, -0.21179444603267628, -0.019717195529280418
570, 0, 1.0873040556338938, 0.12915094092344429
571, 0, 0.9441865066332796, 0.0997578768915604
572, 0, -0.9049102044577739, 0.3672865003670435
573, 0, -0.2205733170715138, 1.1076124241712797
574, 1, -0.06554075337074189, 0.25798170294689127
575, 0, 0.47690172661489577, 0.842717949494658
576, 1, 1.6853806881095348, -0.19425923527291428
577, 0, -1.0887380671915596, 0.36955222699076895
578, 0, 0.6293496963758939, 0.7147139096335684
579, 0, -0.5065880588237078, 0.8429689859492395
580, 0, 0.8081329120149687, 0.46066960425233305
581, 0, 0.33431133690963205, 0.9315271513466333
582, 0, -0.365810198453885, 0.8311791595635851
583, 1, 0.7888333203606545, -0.45100561003693856
584, 1, 0.06027519262452024, 0.16934869151995396
585, 1, -0.2570462131638036, 0.4219089916363488
586, 1, 0.23578904445189652, -0.294768517355437
587, 0, 0.6777277640453151, 0.8258875883302276
588, 0, 0.9330360500291472, 0.47610661638240914
589, 1, 0.2633399906033697, -0.10309665952206577
590, 0, -0.23245611451427728, 1.1153017938755
591, 1, -0.34940734311992977, 0.1032103415853222
592, 1, 0.6515231436122206, -0.6537432039132045
593, 0, 0.9092186203716742, 0.1437706115173065
594, 0, 0.509545695698288, 0.6603329990368906
595, 1, 0.7023549416298295, -0.46222839812026784
596, 1, 1.7089555668081229, -0.28785676670734694
597, 0, 0.5857441352859454, 0.5015116198847063
598, 1, 1.783554082599153, 0.3082677844555233
599, 1, 0.5652254607090628, -0.36056356133715517
600, 0, 0.6953899237372775, 0.763613518374832
601, 0, -0.9943644219723381, 0.6043866697507339
602, 0, -0.6391989684368997, 0.9666651297902903
603, 0, 0.6255176918686944, 0.702376090378281
604, 1, 0.2019282053105679, -0.5640720745321132
605, 1, 0.10170190429103372, 0.26297911456575485
606, 0, -0.6258285848474826, 0.7843431339723355
607, 0, -0.23541822688278757, 0.7386423113220713
608, 1, 0.43230710712869397, -0.21917668241925536
609, 0, 0.6047586130712983, 0.39353140633968436
610, 1, -0.11198887837814098, -0.2523965581173248
611, 1, 1.6152661689815817, -0.4293807550573784
612, 1, 1.513481814767045, -0.2541699589230457
613, 0, 0.20914125796218416, 1.0685600981631653
614, 0, 0.9681826939234335, 0.7527293815657394
615, 0, 1.2318679788872922, 0.11808232738287226
616, 1, 0.3703734685015525, -0.25712224897206104
617, 1, 0.027909900088496087, -0.09024969861550228
618, 0, -0.7409331378919644, 0.3717833229717663
619, 1, 2.1477656075147595, 0.29977773241643735
620, 1, -0.0889562090843202, 0.03249118946908816
621, 0, -0.041002148047062245, 0.7250522150847081
622, 0, -0.8499077925301873, 0.6741301876072541
623, 0, 0.7856318024969833, 0.3270800498389185
624, 1, 0.23524498461159993, 0.45155528191596195
625, 0, -0.8349314918879323, 0.30286713919013614
626, 0, 0.7363167414064395, 0.7873141769195171
627, 0, -0.8866916821738097, 0.7200853132551355
628, 0, 0.9170324337237842, 0.3945320183104946
629, 0, -0.5436584999298752, 0.9126386482896174
630, 0, -1.0362037937569057, 0.44829237044398573
631, 1, 1.7829204451798235, 0.1690481168303217
632, 0, 0.48248856619580416, 0.27248130965001227
633, 1, 2.0293027000856094, -0.06275416605091769
634, 0, 1.106940172656163, 0.16602863443546967
635, 0, -0.7329748919913954, 0.2964067829049839
636, 0, 0.9277780919349887, 0.4367806744510511
637, 0, 0.21385272246011738, 0.6748493812521525
638, 0, 0.9420045879827191, 0.3054221542480534
639, 0, -0.3196344018633239, 0.7720180041510792
640, 1, 0.1190575731424096, 0.3359646819842349
641, 1, 1.5289615570280162, -0.21794431761889776
642, 0, 0.2964797104739821, 0.8165780144897745
643, 1, 0.0373847213265561, 0.6499756429900372
644, 0, 0.5678138021837018, 0.7806814328607667
645, 0, 0.27074364010728325, 0.9642557648265232
646, 1, 2.2620698233080017, 0.08286713030318249
647, 1, 0.7462456735334386, -0.6329838221035742
648, 0, 0.3361783451449547, 1.1345697278615408
649, 0, 0.36524975659746295, 1.341415663645769
650, 1, 0.8167870546315609, -0.4690700400189445
651, 0, 0.9543678767395736, 0.6543529702876633
652, 0, -0.2508035072933125, 1.1092494387687464
653, 0, 0.16492426854658815, 0.7995312348443017
654, 0, 1.1469044753053814, 0.14124065825819618
655, 1, 1.4812175391456937, -0.4542882481328483
656, 1, 1.9148633687707035, 0.16522963358494058
657, 0, 0.1477341314659459, 1.2464404999043253
658, 0, 0.5485651202452356, 0.9853856927890696
659, 0, 0.7884758085340786, 0.8508989675716421
660, 0, -1.3818134507211872, 0.12415838286363862
661, 0, 0.7745728887093963, 0.29040584477471004
662, 0, 0.013666204663237813, 0.8062642978001697
663, 0, 0.026187411781159138, 1.048211304219165
664, 0, 0.7729928918321697, 0.508393549301888
665, 1, 0.7526675027754811, -0.1796211006380662
666, 1, 0.5480933547112141, -0.13573183706982916
667, 1, -0.1821888868805126, 0.008533276813332658
668, 1, 1.9253235937789717, -0.23403371351177843
669, 0, -0.4163951373052347, 1.1469475657557309
670, 0, 0.17348435024439207, 0.968341668669035
671, 1, 2.1732336233266, -0.26581655863102854
672, 0, -0.29603772872363104, 1.021793039690109
673, 0, -0.18995596970079076, 1.0394195632121739
674, 1, 2.0808307132898576, 0.24691310226072355
675, 1, 0.028923335346144323, 0.24678365133651214
676, 0, 0.9465744259978814, 0.27214386040117394
677, 1, 0.17752629219632132, -0.2589630225555043
678, 1, 0.18302308950119334, -0.3947692470161784
679, 0, -1.0998545745234822, 0.2333262658279721
680, 0, -0.5825541591881436, 0.7807250325986308
681, 0, 0.32902354704604764, 1.0096471397516213
682, 0, 0.5283461200315073, 0.9268629540097608
683, 0, -0.41363280197500774, 0.39823527534829517
684, 0, -0.3614244033454334, 1.0011543727768146
685, 0, 0.3744338375513293, 1.051943726728788
686, 0, 0.4981394671544196, 0.9591491312563863
687, 0, 1.2693823464292364, 0.10340018132317694
688, 1, 1.7782075865932998, 0.447433635917941
689, 0, 1.1972176941978576, 0.25722316423305636
690, 0, -1.2394223809916334, 0.25513036226842817
691, 1, 1.5454451250648047, -0.06970529821079413
692, 1, -0.0009714071958586438, 0.26751818424983426
693, 0, 0.2898200404309656, 1.0279618836437814
694, 1, 0.3803841773084374, -0.254164793217342
695, 0, 0.8826567065080004, 0.6154724603518418
696, 0, -0.917889359704523, 0.35856169956295003
697, 0, -0.3754376538458176, 1.1316211326751986
698, 1, 0.6656674273030776, -0.747693429674771
699, 0, -0.07270842901879473, 1.2327685136326758
700, 1, 1.94011391974174, 0.2799500113097281
701, 1, 1.900344440388026, -0.06369261766902695
702, 1, 0.35170102954395444, -0.34169408419484637
703, 0, 0.3929638444736991, 0.8760945888392492
704, 0, -0.5900641906768607, 0.25799295264606703
705, 0, 1.1713473335994071, 0.6870479725328004
706, 0, 1.0986292996383749, 0.5124281918396076
707, 0, -0.3403180210937319, 0.9084907556705455
708, 1, -0.04067911394549122, 0.5815415318926579
709, 0, -1.2552622125237383, 0.10805596947572643
710, 1, 0.9495402377395543, -0.56983669600151
711, 1, 1.1231359672783368, -0.7708738895649675
712, 0, -0.5500736727184332, 0.7044925094783274
713, 0, 0.2539381080618551, 1.0303717557138998
714, 1, 0.6692777829325416, -0.4298763290100763
715, 1, 0.34391939194270427, -0.4135252831041834
716, 1, 0.23916409055667714, 0.1298669995437991
717, 0, 0.8106739185947966, 0.542411086513672
718, 0, 0.11014010548288783, 0.7282271382334687
719, 1, 0.1613657260200988, -0.08263379273981289
720, 0, 0.4881776168916957, 0.8471338230982244
721, 0, 0.9619479202911982, 0.28009972306971226
722, 1, 1.2350892892568972, -0.11113111622746336
723, 1, -0.07847335274843872, 0.38393967440563087
724, 1, 0.5473517545556401, -0.6928712507414905
725, 1, 1.960373263758316, 0.3376704230828502
726, 0, -0.4266545831984452, 1.0436720820187417
727, 0, 0.7690647450250858, 1.0642760389534105
728, 1, 2.0364248937409313, 0.17334167620371962
729, 1, 2.0808028226934314, 0.30991977788671654
730, 0, -1.1963201072865768, 0.5855148182445425
731, 0, -0.8903345525009707, 0.1669297998135021
732, 1, 1.3939123837355107, -0.3053731318477074
733, 1, 0.14846091404322395, -0.2019386667353604
734, 0, 1.003603724256556, 0.6929481649901221
735, 0, -0.6615409274338726, 0.9169756571017299
736, 1, 0.38755999332433, -0.3394296710485395
737, 0, 0.5894225973513887, 0.39330943874287966
738, 0, 0.4460410698624545, 0.8758544093688245
739, 1, 1.5219900597517417, -0.3626329278649976
740, 0, 0.621400774045918, 0.6033930887385696
741, 0, -0.9253309892799456, 0.2847381559421926
742, 1, 0.6269529532282659, -0.3356765916600489
743, 1, 0.10492470204943304, -0.22370918003256973
744, 0, 0.7432527040986038, 0.8740950183413492
745, 0, -0.003907005386504271, 1.0591747638692615
746, 1, 1.5013268171065663, -0.6367682310909122
747, 1, 1.1610324039044717, -0.6112010742056766
748, 1, 0.18691565227307594, -0.06713143210724695
749, 1, 0.3776415281565516, 0.0017028997243253574
750, 1, 0.2820086213996921, -0.031027142278470782
751, 0, -0.11840836740036698, 1.120214016454471
752, 0, 0.0975892126536044, 0.8316513679015126
753, 0, -0.6506543751770376, 0.06237913335725406
754, 1, -0.12763927422448387, -0.004771346482896649
755, 1, 2.1551919052729986, 0.29571322570185365
756, 1, 0.20794451701081643, -0.09036584438086684
757, 1, 1.7321479822793335, 0.28005244770991244
758, 0, 1.2666534479263103, 0.12249497381908395
759, 1, 0.59627289432148, -0.3321873454818192
760, 1, 1.8942749460921027, 0.03755163756939214
761, 0, -0.6670608896891328, 0.9577505894837854
762, 0, 0.26918268935718437, 0.9098629015349408
763, 0, -0.15767807034240283, 1.0644074418435467
764, 1, 1.8474128591269356, 0.28800409103954794
765, 0, -0.1704049500168652, 1.1143321672770645
766, 0, 0.7902347335359173, 0.48507497969740515
767, 1, 2.02778310400458, -0.11610567342216224
768, 0, -0.08578095819700893, 1.0365886759769292
769, 1, 2.089478173454474, -0.02521432324628356
770, 1, 0.12511051159937886, 0.306000147476787
771, 0, -1.0645948216032561, -0.008388213924028595
772, 0, -0.2795178150802451, 1.0442294768438474
773, 1, 1.965493965202823, -0.22188348872114888
774, 0, -0.3399263977474089, 0.7993292511222838
775, 1, 0.04061814695631429, 0.061409938632982164
776, 1, 0.43371389000681726, -0.3922664410856981
777, 1, 0.6296283010915538, -0.39153965856024164
778, 0, 1.0207411876358319, 0.46294117774598836
779, 0, 0.7460669580056618, 0.3517558652949327
780, 0, 0.48430255141775413, 0.8521013894121595
781, 0, 0.09574426904754602, 1.1221745158629168
782, 1, -0.031035767146482582, 0.15527759794056964
783, 1, 2.0765938766910996, 0.42130744674018483
784, 1, 0.2524842647455243, -0.30540845020658347
785, 1, 0.38501154079888167, -0.1510975775819915
786, 0, -0.6527387064606236, 0.6298729627473945
787, 0, 0.6894788849580824, 0.7174849997696477
788, 0, 0.7113263724642366, 0.8530977320514889
789, 0, 0.44393711443685746, 0.686056507433948
790, 0, -0.9636215433397417, 0.9478057770729967
791, 1, 1.8859260091630343, -0.3047985822135332
792, 1, -0.019150811471299323, 0.3102311108481528
793, 1, 0.9470181673887655, -0.2294822035802777
794, 0, -1.1720920664338912, 0.6192996199358125
795, 1, 1.435116135787315, -0.4575000654943851
796, 0, -0.8749732322270647, 1.0273196837752254
797, 1, -0.10921677316855993, -0.06043239691593423
798, 1, 0.05478298418154451, -0.29298951199287626
799, 0, -0.2645761307709321, 0.9398322962086216
800, 0, -1.1104147031173635, 0.2002685992047795
801, 1, 1.5725017854872612, -0.24010190172348495
802, 0, 0.09952646795124989, 1.0128024067396568
803, 0, -0.45371882801324637, 0.8512964917954204
804, 0, -0.4992653533239358, 0.772216556558835
805, 0, 0.7477355362749143, 0.5836317722827544
806, 1, 0.8144646309170112, -0.4867257356261449
807, 0, 0.19445150298621888, 1.1741551896630003
808, 0, -1.0041520035434863, -0.14691755918434973
809, 1, 0.06658600605123022, 0.46261236554767
810, 1, 1.1536501102298813, -0.3040232724772173
811, 1, 1.4797683588592099, -0.2006862825952734
812, 1, 0.6915638163849235, -0.5367834852260485
813, 0, -0.3175629626663301, 1.0943030857807374
814, 1, 0.42676272942149873, -0.16562018400805165
815, 1, 1.4064461860316022, -0.511058758576064
816, 0, -0.9482192855065283, 0.22204113680196375
817, 0, -0.05106189717456282, 0.7840649459347919
818, 1, 1.8112033260397427, -0.21856582107146028
819, 1, 0.013917012518213603, 0.05409799445817723
820, 0, 0.9645409409805821, 0.38964070249840255
821, 1, 0.8208088059366122, -0.6408569150882285
822, 0, -0.5069546560667086, 0.9492895435014989
823, 1, 1.915605801247324, -0.1462524808964702
824, 1, 2.053136066440438, 0.5366873201565795
825, 1, 1.3749779475948554, -0.2226106476604096
826, 1, 1.4079667740133417, -0.24295480796761007
827, 0, -0.8526029405815561, -0.029802182170495448
828, 0, -0.24924591913104316, 0.757273654766905
829, 0, -0.1921182478675501, 1.1730699818777837
830, 0, -0.29492091536860565, 1.204223896094972
831, 1, 1.059772871974673, -0.29795250520942074
832, 0, 1.1361418633436025, 0.1783395543871538
833, 0, 1.1021641559441437, 0.34808890649609237
834, 0, -0.932575140363232, 0.2849556774572226
835, 1, 1.0576609657792715, -0.38510278818242594
836, 1, 1.7226673911467658, -0.22606722547565483
837, 0, 0.5124599203779665, 0.6970171949445642
838, 0, 1.16656347396984, 0.0333795945133144
839, 1, 0.8898971037772927, -0.25398254864853026
840, 0, -0.6306777460394392, 1.0226969445437006
841, 0, -0.9038000805995784, 0.19630717775764628
842, 0, -0.7508980886601974, 0.6844370784740789
843, 0, 0.009582811282875789, 1.097958374074619
844, 0, -0.7537689960242917, 0.4446866504943982
845, 1, 0.8791578670792004, -0.6297167723918723
846, 1, 0.21703902274512255, 0.08934143837026692
847, 1, 0.08223536744631003, 0.46061282154106603
848, 0, -0.9900670285883629, 0.07242786943817472
849, 1, 1.6785649616489093, 0.42194005941424745
850, 1, 1.8434513316013987, -0.4616776306480892
851, 0, -0.46203472523642486, 0.8698815063825497
852, 1, -0.2176948872953922, 0.20059452575678735
853, 1, 1.1469971782165755, -0.649781541650714
854, 0, -0.13466633005291861, 1.1072240160647975
855, 1, 1.8672777203341577, -0.04086463068463869
856, 1, 0.9246305096148061, -0.3453992902607625
857, 0, 0.441556709744271, 1.037721530976601
858, 1, 1.8670406314229109, -0.2855445072987314
859, 0, 1.1595649227852225, 0.353111008309309
860, 1, 0.30430532283822753, -0.2822922332609149
861, 1, 1.528328697183782, -0.22399342313610485
862, 1, 1.1783827641539413, -0.15225219512959015
863, 0, 0.033869876844667274, 0.8808378219716415
864, 1, 1.9208424969123161, 0.11347303465041557
865, 0, -0.6490622413175827, 0.759186807826798
866, 1, 0.2598815884337933, 0.11809600644292206
867, 1, 0.02403740943166177, 0.10883885474256866
868, 0, -0.4243689185926177, 0.4467968681605085
869, 1, 1.0752870809327726, -0.3855363936082752
870, 0, -0.5746031581814877, 0.8829163426430255
871, 0, -0.9589939102831444, 0.27443916629748644
872, 1, 0.5296729893455424, 0.03746696161378338
873, 1, 1.8095063787705075, -0.16994072494547272
874, 0, -1.0065424885264653, 0.7091574185453221
875, 1, 0.7542147268739224, -0.26313185931610916
876, 1, 0.2718158657334062, -0.009938687839006085
877, 1, -0.1757396810231802, 0.6668326023639538
878, 1, 1.5543230483603452, -0.3652209229056709
879, 1, 1.4154444841413991, -0.5940557937061792
880, 0, -0.8126682302065961, 0.45605097045027837
881, 1, 0.00026858898937651143, 0.2088046116855251
882, 1, 0.2870243622732984, -0.23812559116554172
883, 0, 1.05456149582405, 0.23693754901852293
884, 1, 1.0196412419884695, -0.4998622354185964
885, 1, 0.16741501127732797, 0.16757212716986164
886, 1, 0.3206038453750648, -0.37147509635689735
887, 1, 1.2094091092200019, -0.38772658711788766
888, 1, 1.208488569854072, -0.5871715763969264
889, 1, 0.06531458467582696, 0.006959585030866966
890, 1, 0.5342650889736315, -0.3013897403606247
891, 1, 0.3056720661240193, 0.019412166035118306
892, 1, 1.6976749816009262, -0.19043500787661505
893, 1, 1.9901043504893592, 0.08426566681717079
894, 1, 1.8881448849335576, 0.06737819502588205
895, 0, -0.03970258887255895, 1.1774362078686325
896, 1, 0.18460140595195396, -0.03286632881546947
897, 0, -0.8048152366428879, 0.323196358966713
898, 1, 1.498389218571462, 0.13430905319904118
899, 0, 0.21547687799390683, 1.1042297305038056
900, 0, 0.8874794235172563, 0.5954484959505562
901, 1, 0.3673041645955971, -0.3281306028573189
902, 0, -0.3916510087129368, 1.0769723422622635
903, 1, 0.6717476256778219, -0.5312196962068572
904, 0, -1.3029251340360628, 0.15153071971357757
905, 1, 1.8345790447373627, 0.3155808799010108
906, 1, 1.7912927703822086, -0.18530129343157767
907, 0, 0.8548902217435363, 0.5757241270407903
908, 1, 1.5942752657196304, -0.4593631493652833
909, 1, 1.7857240236832699, 0.02908494222060312
910, 1, -0.22724568800761, 0.30506868160058775
911, 0, 0.7881086989819789, 0.660346974979019
912, 1, 1.1636793575789972, -0.31284412565724223
913, 1, 0.21621869991192266, -0.14180894579761938
914, 1, 0.9007704136670783, -0.4551006358272015
915, 0, 0.20741427574848273, 1.194731844701717
916, 0, -0.9773086641180707, -0.44727254720789056
917, 0, 0.6498677703394814, 0.30908006877360805
918, 0, 0.09368752413305781, 1.1415883398825828
919, 0, -0.8564882328709382, 0.11843855562709488
920, 1, 1.707925266861631, 0.34693068441966995
921, 1, 1.4544617605366768, -0.3054553953537761
922, 0, -0.7113466143376956, 0.4036418232376169
923, 0, -0.6491477686680132, 0.1031994170115483
924, 1, 1.799586138478374, 0.11600074245564268
925, 1, 1.2145506454747261, -0.12986644704198969
926, 0, -0.5164491175152803, 0.8610390250016136
927, 0, 0.5699422252353374, 0.39487658003539655
928, 1, 1.7810966710576732, 0.20373877217815872
929, 1, 1.6351780243364789, -0.2265510326093722
930, 0, -1.0830935638527572, 0.04667241527971065
931, 0, 0.4821837993441945, 0.43782410989399967
932, 0, 0.9553138510409784, 0.4345705751082326
933, 1, 1.0092151577000616, -0.3499622718029345
934, 0, -1.14444111162194, 0.03865489941138813
935, 0, -0.5225239364186958, 1.2229845970542192
936, 0, 0.48601723159465104, 0.8507313444834772
937, 1, 0.43829528519019456, -0.49086697883820235
938, 1, 0.1548489112272637, 0.15910566209976884
939, 1, 0.8802220311089275, -0.8068211776414972
940, 0, -0.4606063178982003, 0.5095378081600267
941, 1, 0.2109371543857249, -0.07197455016870927
942, 1, 1.7192772126018712, 0.30146712313968943
943, 1, 1.5119989157071827, -0.4381883069632287
944, 1, 1.60718530163917, -0.5790060809876012
945, 1, 0.8840855600965033, -0.44419422994776325
946, 0, -0.8554191495585841, 0.6435365242258184
947, 1, 1.7260248928074169, -0.2647434794047142
948, 0, -1.0272784478267745, 0.36988572982655676
949, 0, 0.3689858322566787, 0.7378760382089036
950, 0, -0.03926432006712813, 1.0366156403470277
951, 1, 0.717534023313469, -0.48697588999177344
952, 0, -1.1860101189705776, 0.3491219138742282
953, 0, 0.8616173888986611, 0.5677786501913752
954, 0, -0.388776698472193, 0.5942649518297376
955, 1, 0.05441075641970844, -0.048723846862112355
956, 1, 1.7369660238949507, 0.3013429939333647
957, 1, 1.5092699277334982, 0.11672446765177397
958, 0, -0.7425696846900347, 0.7974162251916291
959, 1, 2.196308659064278, 0.3625544415346498
960, 1, 1.799067200467254, 0.06573549183743303
961, 0, 0.35591893434857325, 0.9909612988597023
962, 0, 0.2672556664443388, 0.7648030120638516
963, 0, 1.0321437382803236, 0.4290851213295572
964, 0, -0.7211064000873074, 0.6407111470135964
965, 1, 1.0150199353342513, -0.6073114694913307
966, 0, 0.6987568465857614, 0.9447115141543845
967, 0, 0.7980078871349908, 0.7527510843035875
968, 0, -0.7520309982945441, 0.3062392356846006
969, 1, 1.937111741622658, -0.40943643205255725
970, 0, 1.0817748391592996, 0.08340147014621226
971, 1, 1.382643861955173, -0.3035006453806743
972, 0, -0.5541908487555309, 0.6975374450767567
973, 0, 0.7757415647596142, 0.7158572252640415
974, 0, -0.8677342729201635, 0.6877328257631383
975, 0, 1.1883142810534095, 0.46684563876158724
976, 0, -0.6884547593878073, 0.5223608309290395
977, 1, 1.5524656328775726, -0.3836441094330465
978, 1, 1.2530752215267686, -0.3834484192640126
979, 1, 0.21280674853942794, -0.09365164371856068
980, 0, 0.2615104775973707, 0.8548301316679888
981, 0, -0.9465936695502993, 0.19442355309515824
982, 1, 1.2374548858805314, -0.4729027772146161
983, 0, -0.8171215063368021, 0.14094981029821396
984, 0, -1.0347822060365892, 0.0058352774530970875
985, 1, 1.1508895755587323, -0.2820872729610643
986, 1, 0.4722790885619068, -0.16614771443455384
987, 1, 1.236263589337463, -0.31179719508483117
988, 0, 0.9231575754782513, 0.6702016835769966
989, 1, 0.8352787550907045, -0.7664759623715585
990, 1, -0.15006667976369448, 0.4052341406013692
991, 0, 1.1435547632930552, 0.04058262719277319
992, 0, -0.42113764379006297, 0.8859367352220129
993, 1, -0.1611067812628291, 0.18308396873971242
994, 0, -0.5828586012471979, 0.8096871952926067
995, 1, 0.7889887131131568, -0.48398009259403985
996, 0, -0.49834125687780606, 1.0479611674877225
997, 1, 1.9761239293159516, 0.15583153104731548
998, 0, 0.45879282416157297, 0.9358566662286413
999, 1, 0.23173686650535008, 0.040463298168729796
1000, 1, 1.9198928287277348, -0.23505406914819216
1001, 1, 0.6559244158891446, -0.3929361098320744
1002, 1, 1.3123490155029778, -0.4837921110223842
1003, 0, 0.7729720611572888, 0.8208424442420643
1004, 1, 1.4496499663979325, -0.5384630823203373
1005, 0, -1.0593787624376192, 0.29138527615234316
1006, 0, -0.3863771613650591, 1.1449470406390512
1007, 1, 1.9791422791437923, 0.23730994514264073
1008, 0, -0.42605562178465717, 1.091998022934735
1009, 1, 1.136815215852809, -0.3390712846947958
1010, 1, 0.16092235202989436, 0.22985807330341348
1011, 0, -1.2280013513971189, 0.43342600587975966
1012, 1, 2.054670346175953, 0.6473700323282268
1013, 0, -0.36398416832595293, 0.8040610052419934
1014, 0, -0.7565364088333845, 0.41738136852582314
1015, 0, 0.49863276229792963, 0.6787444019325213
1016, 0, -0.13928769419839893, 0.9613297023077315
1017, 0, 0.0006423500117435366, 0.9526633408599322
1018, 1, 0.5752134506361384, -0.24571331137592203
1019, 1, 1.0611409789572663, -0.2771538928405148
1020, 0, 0.903757571691831, 0.5887402885409148
1021, 0, 0.8747050905842673, 0.4944061672077668
1022, 0, -0.6639635058949871, 0.209100091097301
1023, 1, 0.5588346301274314, -0.40473280876907414
1024, 1, 1.5543412159008994, -0.3544573303233032
1025, 1, -0.26427791627680064, 0.2860522870219724
1026, 1, 2.193408532234665, 0.42760948941648874
1027, 1, 0.6866739872383706, -0.4327852615352138
1028, 0, -0.013030625758977413, 1.0768483110586862
1029, 0, -0.8428644505856043, 0.33141348680599225
1030, 1, 0.21322462391076016, 0.3619423197376382
1031, 0, -1.116295418536777, 0.2998891433423644
1032, 1, 1.9308026348671747, 0.17923801285533364
1033, 0, -0.6036629725701004, 0.8194766332188925
1034, 1, 0.8312586129579299, -0.4968970744497357
1035, 0, -0.44284316248596606, 0.6537673191234858
1036, 1, 2.0956314558875397, -0.06888631562802443
1037, 1, 1.8968952244975945, 0.6507767953807063
1038, 0, 0.5722859648839594, 0.6652214409451084
1039, 1, 1.648001392637087, -0.1923921559124954
1040, 0, 0.4805837571871274, 0.6748434088536155
1041, 0, -0.8419773059818271, 0.6510258117222422
1042, 1, 0.5182005724005115, -0.17743440609211442
1043, 1, 0.3556213644326341, 0.18140622201939527
1044, 1, 0.5180347193320899, -0.4069591956632642
1045, 1, -0.01538351173868302, 0.25491913583007725
1046, 0, 0.22079192277452667, 0.8337665802626714
1047, 0, 1.0015397355102187, 0.5176707382173396
1048, 0, -0.10805576248665907, 0.7178988397942727
1049, 1, 1.756311836104051, 0.5875612604665442
1050, 0, -0.5625691854359753, 0.8455495726921183
1051, 1, 0.5589086307350185, -0.2380789480844107
1052, 1, 0.6150498030087374, -0.5387667767986444
1053, 1, 0.2283795361675207, -0.11257154860177987
1054, 1, 0.017225510565771207, 0.4770402693086183
1055, 1, 1.7046309112485762, 0.1694543291595582
1056, 0, 0.41652284636208275, 0.7382301654057051
1057, 1, 1.8870293042713964, 0.1097629033939102
1058, 1, 1.9178220357322828, -0.5916304641621806
1059, 1, 0.17142317620981873, 0.01684846291798557
1060, 0, 0.44917790444586436, 0.5997640721879702
1061, 1, 1.7265054603281527, -0.6120559893757935
1062, 1, 1.6034511406985934, 0.037177688241952424
1063, 0, 0.7885063418877707, 0.7371491060671129
1064, 1, 1.5633348198423052, -0.3079178149283207
1065, 1, 0.6192608370822292, -0.12932097134961146
1066, 0, 0.32642607897295906, 1.0162824631910394
1067, 0, 1.259877615523262, 0.2579704594066414
1068, 0, -0.9029056601818887, 0.7361089238275564
1069, 0, 0.9294613595220799, 0.6612249958924631
1070, 0, -0.5306945819385799, 0.45853478780072815
1071, 0, 0.3483724417627261, 0.8463901371939365
1072, 0, -0.679177843529609, 0.8495899372219348
1073, 1, 0.051852347468126156, 0.5718527503795022
1074, 1, 1.5542332887628776, -0.1826146922847378
1075, 0, -0.11879937122851966, 1.205259861325999
1076, 0, -1.0359294709136135, 0.6011117659794566
1077, 0, 0.28114525307758276, 0.6574761035465526
1078, 0, 1.1467642424664948, -0.1507663996449362
1079, 0, 0.9620955673585985, -0.2652265872222791
1080, 0, 0.400539027445565, 0.7611356033638319
1081, 0, 1.074919213184328, 0.23372716051000172
1082, 0, -1.0222229794353617, 0.03454830991416066
1083, 1, 0.3326062468956731, -0.05639084735095665
1084, 0, -0.31877848526143515, 0.9890171005943095
1085, 1, 0.12662866226392178, 0.37907964430307184
1086, 0, -0.6062309907627903, 0.819655096589488
1087, 1, 1.6222670723309733, -0.12590649170947724
1088, 1, 1.520621205790596, -0.3694538402262896
1089, 0, -0.31961014884869465, 0.6119356388593736
1090, 0, 0.9904015028076378, 0.5886202187802794
1091, 0, 0.9092226889830544, 0.2793777285423216
1092, 0, -0.5347128306829503, 0.8316600374029989
1093, 0, 0.8043338132316322, 1.1026074499258576
1094, 0, 0.9349670967876595, 0.6021956851623296
1095, 1, 1.9472911088226057, 0.2651036786831561
1096, 1, 1.682274797112851, -0.42473857115345326
1097, 1, 1.8582553202599108, -0.1193431083574456
1098, 0, 0.7689275189386016, 0.8069070183047452
1099, 1, 1.9812523352234406, 0.27695396184190973
1100, 1, 1.1221977688140403, -0.34227887109354216
1101, 1, 1.312873317496689, -0.3579120799865707
1102, 1, 1.2576392261833693, -0.5215919392870763
1103, 1, 1.143544328216388, -0.5967052256223153
1104, 1, 1.5870001476542077, -0.306353161266874
1105, 1, 0.35433864094110634, -0.1787530312593667
1106, 1, 0.6886435065082301, -0.5713875977011748
1107, 0, 0.10095266045150439, 0.9040181960892715
1108, 1, 0.2964021365399899, -0.28438546231512474
1109, 0, -0.9846811386160916, 0.04327493679530317
1110, 0, 0.3904284781563391, 0.6058575573940784
1111, 0, -0.9618570931030391, 0.6028575309629685
1112, 0, -0.2947638904201619, 0.7535606148269131
1113, 0, -0.7257147404942457, 0.5761074009948874
1114, 0, -1.0733211585251974, 0.14660976867332925
1115, 0, 0.4481464885304571, 0.9508835944416342
1116, 0, -0.8360338692964164, 0.21667937086508063
1117, 1, 0.42410833679816057, -0.31332368637279423
1118, 0, -0.9396851096642945, 0.2558660800182387
1119, 1, 2.0835938705451387, -0.22785987637132846
1120, 1, 1.5765456894653453, -0.5882909636099711
1121, 0, -1.1109786637135475, 0.31124434634017506
1122, 0, 0.873757617331475, 0.2227534954114625
1123, 0, -0.41374442241264986, 0.6127062203269451
1124, 1, 1.8248703483212603, 0.20115034462975417
1125, 0, 0.6916993361828998, 0.6108660630717189
1126, 0, -0.05065958351260474, 1.2511115778021356
1127, 1, 1.1725804512584628, -0.42371499036851207
1128, 1, 0.44588831363149906, -0.3406814664091227
1129, 1, 0.25799399343549906, -0.04325827147293168
1130, 1, 0.19298194294772286, -0.18302015466690397
1131, 0, -0.0722471048703, 1.086693768241779
1132, 1, 0.08436228632435011, 0.154201622249658
1133, 0, -1.3605550348338702, 0.27839799874704635
1134, 1, 1.3124963063068076, -0.4337882019165915
1135, 0, 0.9593497062750818, 0.14111676221529434
1136, 1, 1.9749342678539945, 0.28780214200364623
1137, 1, 1.8991219734425946, -0.1502532047354726
1138, 1, 0.47157395445737527, 0.07659944845774214
1139, 0, 0.7860988221077915, 0.8153224890630957
1140, 0, -0.18475025953068636, 0.7410655405160161
1141, 0, 0.03054689982961029, 1.2716881523848793
1142, 0, 1.0202813003853262, -0.05823529382970549
1143, 1, 1.0117656486019193, -0.5371279584040608
1144, 0, -0.40568151315050655, 0.8515676786019128
1145, 1, 1.701133958070162, -0.15834692316215737
1146, 1, 0.639055827864836, -0.7223727087067948
1147, 1, 0.8834070346400353, -0.4396213896472663
1148, 0, 0.6402672137538898, 0.5742215010402991
1149, 1, 0.3217439781649055, -0.19546218352790096
1150, 1, 1.964949033948928, 0.18627590256091095
1151, 0, 0.7951158185308863, 0.9154245866620678
1152, 0, -0.8456864833321422, 0.20654308015839276
1153, 0, -0.20636177616722873, 0.7155113345945183
1154, 1, 1.992580323449687, 0.38361938171029664
1155, 0, 0.9478008469465505, -0.17830934649089736
1156, 1, 0.18470285872869793, 0.5582049914341503
1157, 1, 0.3624107836389916, -0.02857357784858225
1158, 0, 1.025889691068066, 0.08758816562885116
1159, 0, -0.7147767982329698, 0.7022963008833988
1160, 0, 0.9396806059146835, 0.3993196556932181
1161, 1, 0.7985955959051831, -0.430022604695552
1162, 0, -0.2210437631207987, 1.048954481757658
1163, 0, -0.028193535443143444, 0.817111213556557
1164, 0, 0.8237588140260638, 0.7598120663781733
1165, 1, 1.0723901654656198, -0.22549161450258565
1166, 1, 1.769320492027941, -0.3649065476700514
1167, 0, -0.4751692236806263, 0.6709851759331931
1168, 0, -0.40733828659690124, 0.8915564615649259
1169, 0, 0.25105425056273833, 0.8377002715858723
1170, 0, -1.0524171626781234, 0.45423252712451523
1171, 1, 1.107523017377787, -0.36334975151856097
1172, 1, 1.0028885189396932, -0.6080164411707386
1173, 0, -0.38107391854797235, 0.6873738507490371
1174, 1, 2.079326163963003, 0.28354313654463215
1175, 0, 0.15847171701749432, 0.6215703809533968
1176, 1, 0.11038636368972769, 0.432263895341879
1177, 0, 0.8932870675410894, 0.42479245147500444
1178, 1, 0.9344993088221077, -0.5073890106514407
1179, 1, 0.2772349971799416, 0.1825326090137728
1180, 1, 0.4657978945288283, -0.2294538784532556
1181, 0, -0.8155754307552396, -0.24033739029772472
1182, 1, 1.836016795957564, 0.05730919971361324
1183, 0, 0.8128536597325289, 0.27472387638526274
1184, 1, 1.9092629170273254, 0.11175735450827906
1185, 0, 0.36683251230258757, 0.7421274740240842
1186, 1, 1.1991341615275448, -0.5054442222628014
1187, 0, -0.0861382226526374, 0.9917173931605674
1188, 0, -0.4942652926981536, 1.0229447588761205
1189, 1, 1.0909956267554322, -0.47008271102406773
1190, 0, -1.18165776200962, 0.15490281969634168
1191, 0, 0.9100583502288748, 0.793180002415377
1192, 1, 1.7411398317900115, -0.4357556369113097
1193, 1, 1.4752653762522756, -0.16096347178261328
1194, 0, -0.060735539305651606, 0.8866002092022729
1195, 1, 0.6308917263369442, -0.4575909443543871
1196, 0, 0.3951480084638546, 0.8782386894559036
1197, 0, -1.048561305008437, 0.33519082785816484
1198, 0, -0.6189605967306605, 0.8766623012009667
1199, 1, 0.7806599041297779, -0.36016125663233645
